序号,类别,职位,姓名,年级,自述,补充信息,QQ,Email,链接说明,链接
1,往期负责人,社长,白菜,2020级,应本人要求暂时留空,,1229495152,1229495152@qq.com,,
2,往期负责人,社长,溪深而鱼肥,2021级,擅长影视后期，前期拍摄,,2494812413,2494812413@qq.com,,
3,往期负责人,城西社长,和风,2021级,,,2325194851,2325194851@qq.com,,
4,往期负责人,社长,鑫骐,2022级,C++大佬,,3156477473,3156477473@qq.com,,
5,往期负责人,城西校区社长,ah,2022级,,2022级成员,3565756799,3565756799@qq.com,,
6,往期成员记录,网站负责人,彷徨中独步,2021级,,,1393889317,1393889317@qq.com,往期联系链接（状态待核实）,https://tool.gljlw.com/qq/?qq=1393889317
7,往期成员记录,,内卷魔方鸭,2022级,C++大佬,,3260893736,3260893736@qq.com,,
8,往期成员记录,,FL.,2022级,MC生存建筑大佬,,2775184711,2775184711@qq.com,,
9,往期成员记录,,醯,2022级,社团颜值担当（妹纸）,,1719387447,1719387447@qq.com,,
10,往期成员记录,,somebody康,2021级,抽象带师，超级舟批（应本人要求修改）,,2579311246,2579311246@qq.com,,
11,往期成员记录,,Adlin張,2019级,擅长视频后期制作,,2430956729,2430956729@qq.com,,
12,往期成员记录,编程团队核心成员,awcyvan,2021级,,,3107918016,3107918016@qq.com,awcyvan 的旧个人页,awcyvan.html
13,本期负责人,社长,丁嘉豪,2025级,待补充,待补充,待补充,待补充,,
14,本期负责人,副社长,邹梓浩,2025级,C++一般，喜欢玩计算机(?!),翻新社团网站(AI),2224996173,haaaao425@outlook.com,,
15,本期负责人,副社长,王昊雨,2025级,,,,,,,
